campaign,ad_group,type,text
Zush Mac Search 2026Q2,Core AI File Renamer,Headline,AI File Renamer for Mac
Zush Mac Search 2026Q2,Core AI File Renamer,Headline,Rename Files with AI
Zush Mac Search 2026Q2,Core AI File Renamer,Headline,Native macOS App
Zush Mac Search 2026Q2,Core AI File Renamer,Headline,Free 50 AI Renames
Zush Mac Search 2026Q2,Core AI File Renamer,Headline,No Signup. No Card.
Zush Mac Search 2026Q2,Core AI File Renamer,Headline,One-Time $10 Pro
Zush Mac Search 2026Q2,Core AI File Renamer,Headline,Batch Rename with AI
Zush Mac Search 2026Q2,Core AI File Renamer,Headline,Files Stay on Your Mac
Zush Mac Search 2026Q2,Core AI File Renamer,Description,"Rename screenshots, PDFs, photos and docs with AI. 50 free renames, no signup."
Zush Mac Search 2026Q2,Core AI File Renamer,Description,"Native macOS app for Apple Silicon and Intel. Batch rename or monitor folders."
Zush Mac Search 2026Q2,Core AI File Renamer,Description,"Originals stay on your Mac. AI creates searchable names for screenshots, PDFs and photos."
Zush Mac Search 2026Q2,Core AI File Renamer,Description,"Replace IMG_4382 and download.pdf with searchable names in seconds."
Zush Mac Search 2026Q2,Screenshots Images Mac,Headline,Auto-Rename Screenshots
Zush Mac Search 2026Q2,Screenshots Images Mac,Headline,AI Image Renamer Mac
Zush Mac Search 2026Q2,Screenshots Images Mac,Headline,Rename Images with AI
Zush Mac Search 2026Q2,Screenshots Images Mac,Headline,Free 50 AI Renames
Zush Mac Search 2026Q2,Screenshots Images Mac,Headline,Native macOS App
Zush Mac Search 2026Q2,Screenshots Images Mac,Headline,Batch Rename Photos
Zush Mac Search 2026Q2,Screenshots Images Mac,Headline,"RAW, HEIC, JPG Support"
Zush Mac Search 2026Q2,Screenshots Images Mac,Description,"Turn screenshots and images into searchable filenames with AI. Works on macOS."
Zush Mac Search 2026Q2,Screenshots Images Mac,Description,"Rename screenshots, HEIC, RAW, JPG and PNG files. 50 free renames, no signup."
Zush Mac Search 2026Q2,Screenshots Images Mac,Description,"Use batch rename, folder monitoring and one-click revert in a native Mac app."
Zush Mac Search 2026Q2,PDF Docs Downloads Mac,Headline,Rename PDFs with AI
Zush Mac Search 2026Q2,PDF Docs Downloads Mac,Headline,Clean Up Downloads Fast
Zush Mac Search 2026Q2,PDF Docs Downloads Mac,Headline,AI File Organizer Mac
Zush Mac Search 2026Q2,PDF Docs Downloads Mac,Headline,Auto-Rename Mac Files
Zush Mac Search 2026Q2,PDF Docs Downloads Mac,Headline,Free 50 AI Renames
Zush Mac Search 2026Q2,PDF Docs Downloads Mac,Headline,"PDF, DOCX, XLSX Support"
Zush Mac Search 2026Q2,PDF Docs Downloads Mac,Description,"Rename PDFs, documents, screenshots and downloads by their content on Mac."
Zush Mac Search 2026Q2,PDF Docs Downloads Mac,Description,"Clean up download.pdf and IMG_4382 files with AI-generated searchable names."
Zush Mac Search 2026Q2,PDF Docs Downloads Mac,Description,"Batch rename old folders or monitor new downloads. 50 free renames, no signup."
Zush Mac Search 2026Q2,Alternatives Competitors,Headline,Best AI File Renamer Mac
Zush Mac Search 2026Q2,Alternatives Competitors,Headline,Zush for Mac
Zush Mac Search 2026Q2,Alternatives Competitors,Headline,Compare AI Renamers
Zush Mac Search 2026Q2,Alternatives Competitors,Headline,Native macOS App
Zush Mac Search 2026Q2,Alternatives Competitors,Headline,Free 50 AI Renames
Zush Mac Search 2026Q2,Alternatives Competitors,Description,"Compare AI file renamers for Mac, then try Zush free with 50 AI renames."
Zush Mac Search 2026Q2,Alternatives Competitors,Description,"A native Mac AI renamer for screenshots, PDFs, photos and documents."
