campaign,ad_group,budget_share,keyword,match_type,final_url
Zush Mac Search 2026Q2,Core AI File Renamer,45,ai file renamer mac,Exact,https://zushapp.com/mac?utm_source=google&utm_medium=cpc&utm_campaign=zush_mac_search_2026q2&utm_content=core_ai_file_renamer&utm_term={keyword}&utm_device={device}&utm_matchtype={matchtype}
Zush Mac Search 2026Q2,Core AI File Renamer,45,ai file renamer mac,Phrase,https://zushapp.com/mac?utm_source=google&utm_medium=cpc&utm_campaign=zush_mac_search_2026q2&utm_content=core_ai_file_renamer&utm_term={keyword}&utm_device={device}&utm_matchtype={matchtype}
Zush Mac Search 2026Q2,Core AI File Renamer,45,ai file renamer for mac,Exact,https://zushapp.com/mac?utm_source=google&utm_medium=cpc&utm_campaign=zush_mac_search_2026q2&utm_content=core_ai_file_renamer&utm_term={keyword}&utm_device={device}&utm_matchtype={matchtype}
Zush Mac Search 2026Q2,Core AI File Renamer,45,ai renamer mac,Exact,https://zushapp.com/mac?utm_source=google&utm_medium=cpc&utm_campaign=zush_mac_search_2026q2&utm_content=core_ai_file_renamer&utm_term={keyword}&utm_device={device}&utm_matchtype={matchtype}
Zush Mac Search 2026Q2,Core AI File Renamer,45,ai rename files mac,Phrase,https://zushapp.com/mac?utm_source=google&utm_medium=cpc&utm_campaign=zush_mac_search_2026q2&utm_content=core_ai_file_renamer&utm_term={keyword}&utm_device={device}&utm_matchtype={matchtype}
Zush Mac Search 2026Q2,Core AI File Renamer,45,file renamer ai mac,Phrase,https://zushapp.com/mac?utm_source=google&utm_medium=cpc&utm_campaign=zush_mac_search_2026q2&utm_content=core_ai_file_renamer&utm_term={keyword}&utm_device={device}&utm_matchtype={matchtype}
Zush Mac Search 2026Q2,Screenshots Images Mac,25,ai screenshot renamer mac,Exact,https://zushapp.com/mac?utm_source=google&utm_medium=cpc&utm_campaign=zush_mac_search_2026q2&utm_content=screenshots_images_mac&utm_term={keyword}&utm_device={device}&utm_matchtype={matchtype}
Zush Mac Search 2026Q2,Screenshots Images Mac,25,auto rename screenshots mac,Phrase,https://zushapp.com/mac?utm_source=google&utm_medium=cpc&utm_campaign=zush_mac_search_2026q2&utm_content=screenshots_images_mac&utm_term={keyword}&utm_device={device}&utm_matchtype={matchtype}
Zush Mac Search 2026Q2,Screenshots Images Mac,25,rename screenshots automatically mac,Phrase,https://zushapp.com/mac?utm_source=google&utm_medium=cpc&utm_campaign=zush_mac_search_2026q2&utm_content=screenshots_images_mac&utm_term={keyword}&utm_device={device}&utm_matchtype={matchtype}
Zush Mac Search 2026Q2,Screenshots Images Mac,25,ai image renamer mac,Exact,https://zushapp.com/mac?utm_source=google&utm_medium=cpc&utm_campaign=zush_mac_search_2026q2&utm_content=screenshots_images_mac&utm_term={keyword}&utm_device={device}&utm_matchtype={matchtype}
Zush Mac Search 2026Q2,Screenshots Images Mac,25,rename images with ai mac,Phrase,https://zushapp.com/mac?utm_source=google&utm_medium=cpc&utm_campaign=zush_mac_search_2026q2&utm_content=screenshots_images_mac&utm_term={keyword}&utm_device={device}&utm_matchtype={matchtype}
Zush Mac Search 2026Q2,PDF Docs Downloads Mac,20,ai pdf renamer mac,Exact,https://zushapp.com/mac?utm_source=google&utm_medium=cpc&utm_campaign=zush_mac_search_2026q2&utm_content=pdf_docs_downloads_mac&utm_term={keyword}&utm_device={device}&utm_matchtype={matchtype}
Zush Mac Search 2026Q2,PDF Docs Downloads Mac,20,rename pdf files with ai mac,Phrase,https://zushapp.com/mac?utm_source=google&utm_medium=cpc&utm_campaign=zush_mac_search_2026q2&utm_content=pdf_docs_downloads_mac&utm_term={keyword}&utm_device={device}&utm_matchtype={matchtype}
Zush Mac Search 2026Q2,PDF Docs Downloads Mac,20,auto file renamer mac,Phrase,https://zushapp.com/mac?utm_source=google&utm_medium=cpc&utm_campaign=zush_mac_search_2026q2&utm_content=pdf_docs_downloads_mac&utm_term={keyword}&utm_device={device}&utm_matchtype={matchtype}
Zush Mac Search 2026Q2,PDF Docs Downloads Mac,20,automatic file organizer mac,Phrase,https://zushapp.com/mac?utm_source=google&utm_medium=cpc&utm_campaign=zush_mac_search_2026q2&utm_content=pdf_docs_downloads_mac&utm_term={keyword}&utm_device={device}&utm_matchtype={matchtype}
Zush Mac Search 2026Q2,Alternatives Competitors,10,best ai file renamer mac,Exact,https://zushapp.com/blog/best-ai-file-renamer-tools-mac-compared?utm_source=google&utm_medium=cpc&utm_campaign=zush_mac_search_2026q2&utm_content=alternatives_competitors&utm_term={keyword}&utm_device={device}&utm_matchtype={matchtype}
Zush Mac Search 2026Q2,Alternatives Competitors,10,best ai file renamer for mac,Phrase,https://zushapp.com/blog/best-ai-file-renamer-tools-mac-compared?utm_source=google&utm_medium=cpc&utm_campaign=zush_mac_search_2026q2&utm_content=alternatives_competitors&utm_term={keyword}&utm_device={device}&utm_matchtype={matchtype}
Zush Mac Search 2026Q2,Alternatives Competitors,10,namequick,Exact,https://zushapp.com/blog/best-ai-file-renamer-tools-mac-compared?utm_source=google&utm_medium=cpc&utm_campaign=zush_mac_search_2026q2&utm_content=alternatives_competitors&utm_term={keyword}&utm_device={device}&utm_matchtype={matchtype}
Zush Mac Search 2026Q2,Alternatives Competitors,10,namequick app,Phrase,https://zushapp.com/blog/best-ai-file-renamer-tools-mac-compared?utm_source=google&utm_medium=cpc&utm_campaign=zush_mac_search_2026q2&utm_content=alternatives_competitors&utm_term={keyword}&utm_device={device}&utm_matchtype={matchtype}
